ColumnX	ColumnY
25	0.00004333083477
50	8.496817301e-7
100	7.265136004e-8
250	1.922590087e-9