ColumnX	ColumnY
25	0.0009366602775
50	0.0005210139857
100	0.0002662051776
250	0.0001073022709
500	0.00005373974536
1000	0.00002688748609
5000	5.379873e-6